{
	"class_name" : "PinholeCameraParameters",
	"extrinsic" : 
	[
		0.14028236740369654,
		0.96582798551411897,
		0.21793843119870623,
		0.0,
		0.57807913347226769,
		0.098807101264055217,
		-0.80997634050862688,
		0.0,
		-0.80383168190832488,
		0.23961105804518629,
		-0.54446411086764934,
		0.0,
		-3.5527136788005009e-15,
		0.0,
		24.248711305964292,
		1.0
	],
	"intrinsic" : 
	{
		"height" : 1016,
		"intrinsic_matrix" : 
		[
			879.88181024498977,
			0.0,
			0.0,
			0.0,
			879.88181024498977,
			0.0,
			924.5,
			507.5,
			1.0
		],
		"width" : 1850
	},
	"version_major" : 1,
	"version_minor" : 0
}